{"cameraMode":{"drawMode":0,"name":"Shaded","section":"Shading Mode"},"sceneLighting":true,"audioPlay":false,"sceneViewState":{"showFog":true,"showMaterialUpdate":false,"showSkybox":true,"showFlares":true,"showImageEffects":true,"showParticleSystems":true,"showVisualEffectGraphs":true,"m_FxEnabled":true},"in2DMode":false,"pivot":{"x":4.817918300628662,"y":5.371742248535156,"z":0.4657084345817566},"rotation":{"x":0.1459033191204071,"y":0.10604765266180039,"z":-0.01572496071457863,"w":0.9834682941436768},"size":0.051840830594301227,"orthographic":false}